Name,CAS,Phase,Tchar,thetachar,DeltaCp,phi0,Source,Cat_1,Cat_2,Cat_3
Heptane,142-82-5,SLB5ms,44.738,25.519,60.91,0.001,Blumberg2017,alkane,alkanes,
Octane,111-65-9,SLB5ms,67.346,26.779,66.363,0.001,Blumberg2017,alkane,alkanes,
Nonane,111-84-2,SLB5ms,87.42,27.699,71.797,0.001,Blumberg2017,alkane,alkanes,
2-Octanone,111-13-7,SLB5ms,105.29,28.876,81.294,0.001,Blumberg2017,ketone,alkanones,
Decane,124-18-5,SLB5ms,106.44,28.588,76.602,0.001,Blumberg2017,alkane,Grob,alkanes
2-Octanol,123-96-6,SLB5ms,107.03,28.644,88.469,0.001,Blumberg2017,alcohol,,
1-Octanol,111-87-5,SLB5ms,119.5,29.317,92.778,0.001,Blumberg2017,alcohol,Grob,alcohols
5-Nonanol,623-93-8,SLB5ms,122.92,29.571,90.768,0.001,Blumberg2017,alcohol,,
Undecane,1120-21-4,SLB5ms,124.75,29.628,83.819,0.001,Blumberg2017,alkane,Grob,alkanes
2-Nonanol,628-99-9,SLB5ms,124.84,29.561,93.722,0.001,Blumberg2017,alcohol,,
1-Nonanol,143-8-8,SLB5ms,136.59,30.235,99.004,0.001,Blumberg2017,alcohol,,
5-Decanol,5205-34-5,SLB5ms,139.54,30.354,96.469,0.001,Blumberg2017,alcohol,,
2-Decanone,693-54-9,SLB5ms,140.21,30.591,91.994,0.001,Blumberg2017,ketone,alkanones,
Dodecane,112-40-3,SLB5ms,141.26,30.301,92.491,0.001,Blumberg2017,alkane,alkanes,
Tridecane,629-50-5,SLB5ms,156.66,30.962,98.511,0.001,Blumberg2017,alkane,alkanes,
Tetradecane,629-59-4,SLB5ms,171.12,31.564,103.96,0.001,Blumberg2017,alkane,alkanes,
Pentadecane,629-62-9,SLB5ms,184.75,32.117,109.4,0.001,Blumberg2017,alkane,alkanes,
Heptane,142-82-5,SPB50,28.239,24.906,50.692,0.001,Blumberg2017,alkane,alkanes,
Octane,111-65-9,SPB50,51.055,26.156,58.211,0.001,Blumberg2017,alkane,alkanes,
Nonane,111-84-2,SPB50,71.914,27.275,62.689,0.001,Blumberg2017,alkane,alkanes,
Decane,124-18-5,SPB50,91.129,28.227,66.861,0.001,Blumberg2017,alkane,Grob,alkanes
2-Octanol,123-96-6,SPB50,107.12,29.065,78.13,0.001,Blumberg2017,alcohol,,
Undecane,1120-21-4,SPB50,108.95,29.003,74.488,0.001,Blumberg2017,alkane,Grob,alkanes
2-Octanone,111-13-7,SPB50,110.7,29.424,76.479,0.001,Blumberg2017,ketone,alkanones,
5-Nonanol,623-93-8,SPB50,121.57,29.894,81.309,0.001,Blumberg2017,alcohol,,
1-Octanol,111-87-5,SPB50,122.0,30.178,80.169,0.001,Blumberg2017,alcohol,Grob,alcohols
2-Nonanol,628-99-9,SPB50,124.18,29.919,81.323,0.001,Blumberg2017,alcohol,,
Dodecane,112-40-3,SPB50,125.52,29.71,80.744,0.001,Blumberg2017,alkane,alkanes,
5-Decanol,5205-34-5,SPB50,137.36,30.558,84.657,0.001,Blumberg2017,alcohol,,
1-Nonanol,143-8-8,SPB50,138.27,30.925,85.39,0.001,Blumberg2017,alcohol,,
Tridecane,629-50-5,SPB50,140.99,30.37,85.071,0.001,Blumberg2017,alkane,alkanes,
2-Decanone,693-54-9,SPB50,143.14,30.959,85.186,0.001,Blumberg2017,ketone,alkanones,
Tetradecane,629-59-4,SPB50,155.51,30.95,89.343,0.001,Blumberg2017,alkane,alkanes,
Pentadecane,629-62-9,SPB50,169.19,31.461,93.281,0.001,Blumberg2017,alkane,alkanes,
Heptane,142-82-5,Wax,0.932,23.664,50.469,0.001,Blumberg2017,alkane,alkanes,
Octane,111-65-9,Wax,24.632,25.016,61.678,0.001,Blumberg2017,alkane,alkanes,
Nonane,111-84-2,Wax,46.169,26.346,67.749,0.001,Blumberg2017,alkane,alkanes,
Decane,124-18-5,Wax,66.044,27.526,74.429,0.001,Blumberg2017,alkane,Grob,alkanes
Undecane,1120-21-4,Wax,84.475,28.633,76.138,0.001,Blumberg2017,alkane,Grob,alkanes
Dodecane,112-40-3,Wax,101.7,29.608,81.796,0.001,Blumberg2017,alkane,alkanes,
Tridecane,629-50-5,Wax,117.85,30.51,87.457,0.001,Blumberg2017,alkane,alkanes,
2-Octanone,111-13-7,Wax,118.77,32.266,70.902,0.001,Blumberg2017,ketone,alkanones,
Tetradecane,629-59-4,Wax,133.08,31.34,92.855,0.001,Blumberg2017,alkane,alkanes,
2-Octanol,123-96-6,Wax,135.17,30.775,95.604,0.001,Blumberg2017,alcohol,,
5-Nonanol,623-93-8,Wax,143.66,31.212,100.05,0.001,Blumberg2017,alcohol,,
Pentadecane,629-62-9,Wax,147.47,32.122,98.572,0.001,Blumberg2017,alkane,alkanes,
2-Nonanol,628-99-9,Wax,149.46,31.6,102.93,0.001,Blumberg2017,alcohol,,
2-Decanone,693-54-9,Wax,150.11,33.907,78.098,0.001,Blumberg2017,ketone,alkanones,
1-Octanol,111-87-5,Wax,155.4,32.317,97.29,0.001,Blumberg2017,alcohol,Grob,alcohols
5-Decanol,5205-34-5,Wax,157.26,31.981,107.11,0.001,Blumberg2017,alcohol,,
1-Nonanol,143-8-8,Wax,169.04,33.106,102.05,0.001,Blumberg2017,alcohol,,
C7,142-82-5,DB5ms,43.997,26.354,0.71704,0.001,Boswell2012,alkane,alkanes,
Propyl acetate,109-60-4,DB5ms,47.513,25.045,42.993,0.001,Boswell2012,carboxylate esters,,
Pyridine,110-86-1,DB5ms,55.332,27.47,55.93,0.001,Boswell2012,,,
Toluene ,108-88-3,DB5ms,61.023,28.373,39.223,0.001,Boswell2012,BTEX,,
2-Hexanone,591-78-6,DB5ms,64.593,26.797,55.477,0.001,Boswell2012,ketone,alkanones,
C8,111-65-9,DB5ms,67.026,27.015,42.351,0.001,Boswell2012,alkane,alkanes,
Butyl acetate,123-86-4,DB5ms,69.587,26.442,51.751,0.001,Boswell2012,carboxylate esters,,
4-Methylpyridine,108-89-4,DB5ms,81.795,29.695,42.923,0.001,Boswell2012,,,
Ethylbenzene,100-41-4,DB5ms,81.927,29.592,36.157,0.001,Boswell2012,BTEX,aromatic,
2-Heptanone,110-43-0,DB5ms,85.891,28.008,54.313,0.001,Boswell2012,ketone,alkanones,
C9,111-84-2,DB5ms,87.97,28.004,51.332,0.001,Boswell2012,alkane,alkanes,
Pentyl acetate ,628-63-7,DB5ms,89.881,27.48,62.651,0.001,Boswell2012,carboxylate esters,,
"N,N-dimethylisobutyramide ",21678-37-5,DB5ms,102.19,29.099,64.347,0.001,Boswell2012,,,
Phenol,108-95-2,DB5ms,102.21,28.654,83.07,0.001,Boswell2012,aromatic,,
Aniline,62-53-3,DB5ms,104.98,30.71,55.717,0.001,Boswell2012,aromatic,amine,anilines
2-Octanone,111-13-7,DB5ms,105.43,28.957,63.466,0.001,Boswell2012,ketone,alkanones,
"N,N-diethylacetamide ",685-91-6,DB5ms,107.09,29.71,70.673,0.001,Boswell2012,,,
C10,124-18-5,DB5ms,107.2,28.836,58.24,0.001,Boswell2012,alkane,Grob,alkanes
Hexyl acetate,142-92-7,DB5ms,108.61,28.388,66.544,0.001,Boswell2012,carboxylate esters,,
1-Octanol,111-87-5,DB5ms,119.66,29.388,72.708,0.001,Boswell2012,alcohol,Grob,alcohols
n-Butylbenzene ,104-51-8,DB5ms,119.8,31.162,59.474,0.001,Boswell2012,aromatic,,
Acetophenone ,98-86-2,DB5ms,122.11,31.731,62.677,0.001,Boswell2012,aromatic,ketone,phenones
2-Nonanone,821-55-6,DB5ms,123.58,29.772,70.058,0.001,Boswell2012,ketone,alkanones,
C11,1120-21-4,DB5ms,124.9,29.549,66.526,0.001,Boswell2012,alkane,Grob,alkanes
Linalool,78-70-6,DB5ms,125.54,30.17,72.207,0.001,Boswell2012,allergenic fragrances,terpene,alcohol
Tert-butylpyridine,585-48-8,DB5ms,126.93,32.122,64.322,0.001,Boswell2012,,,
Octanoic acid,124-7-2,DB5ms,133.66,28.759,105.31,0.001,Boswell2012,,,
Propiophenone ,93-55-0,DB5ms,138.96,32.312,68.595,0.001,Boswell2012,phenone,phenones,
4-Ethylaniline,589-16-2,DB5ms,139.39,32.458,69.125,0.001,Boswell2012,anilines,,
2-Decanone,693-54-9,DB5ms,140.45,30.5,75.991,0.001,Boswell2012,ketone,alkanones,
C12,112-40-3,DB5ms,141.47,30.259,71.241,0.001,Boswell2012,alkane,alkanes,
Octyl acetate,112-14-1,DB5ms,142.41,29.998,79.426,0.001,Boswell2012,carboxylate esters,,
Naphthalene,91-20-3,DB5ms,145.55,34.572,59.24,0.001,Boswell2012,PAH,,
Resorcinol,108-46-3,DB5ms,152.7,30.999,110.36,0.001,Boswell2012,,,
Butyrophenone ,495-40-9,DB5ms,153.16,32.9,66.298,0.001,Boswell2012,phenone,phenones,
2-Undecanone,112-12-9,DB5ms,156.26,31.24,81.755,0.001,Boswell2012,ketone,alkanones,
C13,629-50-5,DB5ms,156.9,30.894,80.347,0.001,Boswell2012,alkane,alkanes,
Indole,120-72-9,DB5ms,160.32,34.144,74.445,0.001,Boswell2012,,,
Decanoic acid ,334-48-5,DB5ms,164.33,30.685,102.49,0.001,Boswell2012,,,
Benzamide,55-21-0,DB5ms,164.51,33.99,82.916,0.001,Boswell2012,,,
Valerophenone ,1009-14-9,DB5ms,168.74,33.507,72.384,0.001,Boswell2012,phenone,phenones,
Nicotine,22083-74-5,DB5ms,168.95,34.765,71.153,0.001,Boswell2012,,,
4-Butylaniline,104-13-2,DB5ms,170.45,33.871,74.222,0.001,Boswell2012,anilines,,
2-Dodecanone,6175-49-1,DB5ms,171.28,31.857,76.888,0.001,Boswell2012,ketone,alkanones,
C14,629-59-4,DB5ms,171.64,31.484,76.299,0.001,Boswell2012,alkane,alkanes,
Decyl acetate,112-17-4,DB5ms,172.29,31.288,83.719,0.001,Boswell2012,carboxylate esters,,
Hexanophenone,942-92-7,DB5ms,183.49,34.016,74.216,0.001,Boswell2012,phenone,phenones,
Coumarin,91-64-5,DB5ms,183.72,36.251,65.422,0.001,Boswell2012,allergenic fragrances,,
2-Tridecanone,593-8-8,DB5ms,185.04,32.362,88.653,0.001,Boswell2012,ketone,,
C15,629-62-9,DB5ms,185.17,32.005,84.611,0.001,Boswell2012,alkane,alkanes,
1-Naphthol,90-15-3,DB5ms,191.6,36.024,91.421,0.001,Boswell2012,,,
Nikethamide,59-26-7,DB5ms,194.27,35.177,84.675,0.001,Boswell2012,,,
Heptanophenone ,1671-75-6,DB5ms,197.12,34.524,82.695,0.001,Boswell2012,phenone,phenones,
C16,544-76-3,DB5ms,198.13,32.383,85.559,0.001,Boswell2012,alkane,alkanes,
4-Hexylaniline,33228-45-4,DB5ms,198.6,34.89,84.816,0.001,Boswell2012,anilines,,
Benzocaine,94-9-7,DB5ms,198.82,35.055,88.436,0.001,Boswell2012,,,
4-Nitroaniline,100-1-6,DB5ms,204.12,36.824,82.672,0.001,Boswell2012,,,
Diphenylamine,122-39-4,DB5ms,206.26,36.275,86.257,0.001,Boswell2012,,,
Octanophenone ,1674-37-9,DB5ms,210.1,34.93,91.909,0.001,Boswell2012,phenone,phenones,
C17,629-78-7,DB5ms,210.13,32.723,92.907,0.001,Boswell2012,alkane,alkanes,
2-Pentadecanone,2345-28-0,DB5ms,210.52,33.201,93.15,0.001,Boswell2012,ketone,alkanones,
Tri-n-hexylamine ,102-86-3,DB5ms,213.84,33.198,101.38,0.001,Boswell2012,,,
C18,593-45-3,DB5ms,221.6,33.074,101.27,0.001,Boswell2012,alkane,alkanes,
4-Octylaniline,16245-79-7,DB5ms,223.94,35.74,97.637,0.001,Boswell2012,anilines,,
Anthracene,120-12-7,DB5ms,231.94,40.07,76.365,0.001,Boswell2012,PAH,,
Caffeine,58-8-2,DB5ms,232.6,37.765,94.912,0.001,Boswell2012,,,
C19,629-92-5,DB5ms,232.62,33.488,105.68,0.001,Boswell2012,alkane,alkanes,
Indole-3-acetic acid ethyl ester,778-82-5,DB5ms,235.2,36.693,100.54,0.001,Boswell2012,,,
Lidocaine,137-58-6,DB5ms,236.13,36.909,92.941,0.001,Boswell2012,,,
C20,112-95-8,DB5ms,243.08,33.815,112.77,0.001,Boswell2012,alkane,alkanes,
4-Decylaniline,37529-30-9,DB5ms,246.83,36.465,106.73,0.001,Boswell2012,anilines,,
Triphenylmethane,519-73-3,DB5ms,250.04,38.249,94.178,0.001,Boswell2012,,,
C21,629-94-7,DB5ms,253.07,34.136,118.95,0.001,Boswell2012,alkane,alkanes,
C22,629-97-0,DB5ms,262.63,34.426,125.23,0.001,Boswell2012,alkane,alkanes,
4-Dodecylaniline,104-42-7,DB5ms,267.6,37.02,116.51,0.001,Boswell2012,anilines,,
Dextromethorphan,125-71-3,DB5ms,268.23,40.017,99.94,0.001,Boswell2012,,,
Tri-n-octylamine ,1116-76-3,DB5ms,271.08,34.833,129.45,0.001,Boswell2012,,,
C23,638-67-5,DB5ms,271.8,34.71,131.64,0.001,Boswell2012,alkane,alkanes,
C24,646-31-1,DB5ms,280.59,34.975,137.54,0.001,Boswell2012,alkane,alkanes,
C25,629-99-2,DB5ms,289.05,35.214,142.53,0.001,Boswell2012,alkane,alkanes,
C26,630-1-3,DB5ms,297.19,35.446,147.26,0.001,Boswell2012,alkane,,
C28,630-2-4,DB5ms,312.58,35.826,154.82,0.001,Boswell2012,alkane,,
Tri-n-decylamine,1070-1-5,DB5ms,316.75,35.777,151.16,0.001,Boswell2012,,,
C30,638-68-6,DB5ms,326.91,36.139,161.78,0.001,Boswell2012,alkane,alkanes,
C32,544-85-4,DB5ms,340.33,36.462,171.34,0.001,Boswell2012,alkanes,,
C34,14167-59-0,DB5ms,352.42,36.343,171.71,0.001,Boswell2012,alkanes,,
C36,630-6-8,DB5ms,364.2,36.576,181.85,0.001,Boswell2012,,,
Methyl butyrate,623-42-7,Rxi17SilMS,49.699,25.139,82.71,0.001,Brehmer2022,FAME,saturated FAME,FAMEs
4-Methyl-2-pentanone,108-10-1,Rxi17SilMS,56.791,28.996,90.281,0.001,Brehmer2022,ketone,,
Pentanol,71-41-0,Rxi17SilMS,58.934,26.919,189.66,0.001,Brehmer2022,alcohol,alcohols,
Toluene,108-88-3,Rxi17SilMS,60.799,28.234,70.101,0.001,Brehmer2022,BTEX,,
2-Hexanone,591-78-6,Rxi17SilMS,69.311,27.747,183.88,0.001,Brehmer2022,ketone,alkanones,
Hexan-1-ol,111-27-3,Rxi17SilMS,77.98,26.825,116.18,0.001,Brehmer2022,alcohol,alcohols,
Ethylbenzene,100-41-4,Rxi17SilMS,81.076,29.203,92.253,0.001,Brehmer2022,BTEX,aromatic,
m-Xylene,108-38-3,Rxi17SilMS,82.057,29.116,76.562,0.001,Brehmer2022,BTEX,,
p-Xylene,106-42-3,Rxi17SilMS,82.057,29.116,76.562,0.001,Brehmer2022,BTEX,,
Chlorobenzene,108-90-7,Rxi17SilMS,82.793,29.922,84.973,0.001,Brehmer2022,aromatic,,
2-Heptanone,110-43-0,Rxi17SilMS,85.535,27.024,113.81,0.001,Brehmer2022,ketone,alkanones,
n-Heptanal,111-71-7,Rxi17SilMS,87.462,27.489,112.17,0.001,Brehmer2022,aldehyde,,
o-Xylene,95-47-6,Rxi17SilMS,89.046,29.889,70.688,0.001,Brehmer2022,BTEX,aromatic,
Methyl hexanoate,106-70-7,Rxi17SilMS,89.321,27.033,96.702,0.001,Brehmer2022,FAME,saturated FAME,FAMEs
Cyclohexanol,108-93-0,Rxi17SilMS,90.044,29.425,88.676,0.001,Brehmer2022,alcohol,,
Styrene,100-42-5,Rxi17SilMS,91.666,29.76,94.467,0.001,Brehmer2022,aromatic,,
Heptanol,111-70-6,Rxi17SilMS,98.42,30.458,197.86,0.001,Brehmer2022,alcohol,alcohols,
Octan-2-ol,123-96-6,Rxi17SilMS,99.505,27.994,108.59,0.001,Brehmer2022,alcohol,,
Cyclohexanone,108-94-1,Rxi17SilMS,101.2,30.848,84.809,0.001,Brehmer2022,ketone,,
2-Octanone,111-13-7,Rxi17SilMS,103.35,28.229,110.03,0.001,Brehmer2022,ketone,alkanones,
Bromobenzene,108-86-1,Rxi17SilMS,104.09,31.987,80.197,0.001,Brehmer2022,aromatic,,
n-Octanal,124-13-0,Rxi17SilMS,105.34,28.314,115.11,0.001,Brehmer2022,aldehyde,,
Phenol,108-95-2,Rxi17SilMS,113.06,30.654,93.668,0.001,Brehmer2022,aromatic,,
Octan-1-ol,111-87-5,Rxi17SilMS,114.37,28.935,108.34,0.001,Brehmer2022,alcohol,Grob,alcohols
"1,3-Dichlorobenzene",541-73-1,Rxi17SilMS,115.8,32.562,78.486,0.001,Brehmer2022,aromatic,,
2-Chlorophenol,95-57-8,Rxi17SilMS,115.88,32.649,84.209,0.001,Brehmer2022,aromatic,,
Benzaldehyde,100-52-7,Rxi17SilMS,116.25,31.746,86.447,0.001,Brehmer2022,allergenic fragrances,aldehyde,aromatic
n-Butylbenzene,104-51-8,Rxi17SilMS,116.35,30.927,91.572,0.001,Brehmer2022,aromatic,,
Linalool,78-70-6,Rxi17SilMS,120.04,29.354,103.32,0.001,Brehmer2022,allergenic fragrances,terpene,alcohol
2-Nonanone,821-55-6,Rxi17SilMS,120.2,29.002,105.6,0.001,Brehmer2022,ketone,alkanones,
Aniline,62-53-3,Rxi17SilMS,121.66,32.029,89.058,0.001,Brehmer2022,aromatic,amine,anilines
n-Nonanal,124-19-6,Rxi17SilMS,122.12,29.187,103.98,0.001,Brehmer2022,aldehyde,Grob,
Methyl octanoate,111-11-5,Rxi17SilMS,122.96,28.639,107.6,0.001,Brehmer2022,FAME,saturated FAME,FAMEs
"1,2-Dichlorobenzene",95-50-1,Rxi17SilMS,124.28,33.276,73.739,0.001,Brehmer2022,aromatic,,
4-Fluoroaniline,371-40-4,Rxi17SilMS,124.39,31.726,99.509,0.001,Brehmer2022,aromatic,amine,
2-Methylphenol,95-48-7,Rxi17SilMS,126.96,31.703,99.547,0.001,Brehmer2022,aromatic,,
Benzyl alcohol,100-51-6,Rxi17SilMS,128.55,32.027,94.27,0.001,Brehmer2022,allergenic fragrances,alcohol,aromatic
Phenyl acetate,122-79-2,Rxi17SilMS,130.06,30.902,95.94,0.001,Brehmer2022,ester,aromatic,
3-Methylphenol,108-39-4,Rxi17SilMS,130.37,31.593,96.071,0.001,Brehmer2022,aromatic,,
4-Methylphenol,106-44-5,Rxi17SilMS,130.58,31.808,101.45,0.001,Brehmer2022,aromatic,,
1-Phenyl ethanol,98-85-1,Rxi17SilMS,130.84,31.907,94.451,0.001,Brehmer2022,alcohol,aromatic,
Nonanol,143-8-8,Rxi17SilMS,133.6,32.935,165.13,0.001,Brehmer2022,alcohol,,
Acetophenone,98-86-2,Rxi17SilMS,135.77,32.483,89.831,0.001,Brehmer2022,aromatic,ketone,phenones
Methyl benzoate,93-58-3,Rxi17SilMS,136.74,32.209,89.138,0.001,Brehmer2022,ester,aromatic,
"2,6-Dimethylphenol",576-26-1,Rxi17SilMS,138.07,32.804,91.757,0.001,Brehmer2022,aromatic,Grob,
2-Decanone,693-54-9,Rxi17SilMS,139.58,33.934,177.88,0.001,Brehmer2022,ketone,alkanones,
Nitrobenzene,98-95-3,Rxi17SilMS,142.41,33.845,78.903,0.001,Brehmer2022,aromatic,,
1-Phenyl-2-propanol,698-87-3,Rxi17SilMS,142.5,32.777,94.087,0.001,Brehmer2022,aromatic,alcohol,
"3,5-Dimethylphenol",108-68-9,Rxi17SilMS,146.21,32.446,100.42,0.001,Brehmer2022,aromatic,,
2-Nitrophenol,88-75-5,Rxi17SilMS,147.83,34.336,84.424,0.001,Brehmer2022,aromatic,,
Decanol,112-30-1,Rxi17SilMS,149.1,33.298,159.25,0.001,Brehmer2022,alcohol,alcohols,
2-Chloroaniline,95-51-2,Rxi17SilMS,149.33,34.452,85.919,0.001,Brehmer2022,aromatic,amine,
Methyl decanoate,110-42-9,Rxi17SilMS,152.75,29.945,116.14,0.001,Brehmer2022,FAME,Grob,saturated FAME
2-Undecanone,112-12-9,Rxi17SilMS,154.13,34.483,204.75,0.001,Brehmer2022,ketone,alkanones,
Propiophenone,93-55-0,Rxi17SilMS,154.16,36.408,132.02,0.001,Brehmer2022,phenone,phenones,
Undecanol,112-42-5,Rxi17SilMS,163.77,34.15,172.93,0.001,Brehmer2022,alcohol,alcohols,
Butyrophenone,495-40-9,Rxi17SilMS,166.13,36.616,130.14,0.001,Brehmer2022,phenone,phenones,
Methyl undecanoate,1731-86-8,Rxi17SilMS,166.41,30.466,120.23,0.001,Brehmer2022,FAME,Grob,saturated FAME
2-Dodecanone,6175-49-1,Rxi17SilMS,168.17,34.454,182.67,0.001,Brehmer2022,ketone,alkanones,
Dodecanol,112-53-8,Rxi17SilMS,177.53,34.954,178.63,0.001,Brehmer2022,alcohol,alcohols,
Methyl laurate,111-82-0,Rxi17SilMS,179.4,30.899,118.02,0.001,Brehmer2022,FAME,Grob,saturated FAME
Valerophenone,1009-14-9,Rxi17SilMS,180.35,37.085,139.82,0.001,Brehmer2022,phenone,phenones,
2-Tridecanone,593-8-8,Rxi17SilMS,181.47,34.737,178.69,0.001,Brehmer2022,ketone,,
Methyl tridecanoate,1731-88-0,Rxi17SilMS,191.67,31.201,116.79,0.001,Brehmer2022,FAME,saturated FAME,FAMEs
Hexanophenone,942-92-7,Rxi17SilMS,193.72,37.169,136.76,0.001,Brehmer2022,phenone,phenones,
Methyl myristate,124-10-7,Rxi17SilMS,203.33,31.477,116.26,0.001,Brehmer2022,FAME,saturated FAME,FAMEs
Methyl myristoleate,92857-33-5,Rxi17SilMS,205.38,31.75,104.8,0.001,Brehmer2022,FAME,,
2-Pentadecanone,2345-28-0,Rxi17SilMS,205.93,35.2,177.09,0.001,Brehmer2022,ketone,alkanones,
Heptanophenone,1671-75-6,Rxi17SilMS,206.14,37.092,133.77,0.001,Brehmer2022,phenone,phenones,
Methyl pentadecanoate,7132-64-1,Rxi17SilMS,214.28,31.498,109.4,0.001,Brehmer2022,FAME,saturated FAME,FAMEs
Methyl cis-10-pentadecenoate,90176-52-6,Rxi17SilMS,216.4,31.955,105.78,0.001,Brehmer2022,FAME,,
Octanophenone,1674-37-9,Rxi17SilMS,217.92,36.987,133.13,0.001,Brehmer2022,phenone,phenones,
Methyl palmitate,112-39-0,Rxi17SilMS,224.78,31.705,111.82,0.001,Brehmer2022,FAME,saturated FAME,FAMEs
Methyl palmitoleate,10030-74-7,Rxi17SilMS,225.98,32.136,106.3,0.001,Brehmer2022,FAME,,
Methyl heptadecanoate,1731-92-6,Rxi17SilMS,234.82,31.932,116.42,0.001,Brehmer2022,FAME,saturated FAME,FAMEs
cis-10-Heptadecenoic acid methyl ester,75190-82-8,Rxi17SilMS,236.03,32.316,107.78,0.001,Brehmer2022,FAME,,
Methyl stearate,112-61-8,Rxi17SilMS,244.82,32.384,119.61,0.001,Brehmer2022,FAME,saturated FAME,FAMEs
cis-9-Oleic acid methyl ester,112-62-9,Rxi17SilMS,245.31,32.324,115.33,0.001,Brehmer2022,FAME,saturated FAME,
trans-9-Elaidic acid methyl ester,1937-62-8,Rxi17SilMS,245.35,32.806,121.27,0.001,Brehmer2022,FAME,,
Methyl linolelaidate,2566-97-4,Rxi17SilMS,247.19,32.817,108.96,0.001,Brehmer2022,FAME,,
Methyl linoleate,112-63-0,Rxi17SilMS,247.54,31.979,102.34,0.001,Brehmer2022,FAME,,
Methyl gamma linolenate,132029-16-4,Rxi17SilMS,247.93,33.017,100.91,0.001,Brehmer2022,FAME,,
Methyl alpha linolenate,301-0-8,Rxi17SilMS,250.18,33.027,106.15,0.001,Brehmer2022,FAME,,
PCB 28,7012-37-5,Rxi17SilMS,257.18,44.513,173.01,0.001,Brehmer2022,PCB,,
Methyl arachidate,1120-28-1,Rxi17SilMS,262.19,32.166,116.13,0.001,Brehmer2022,FAME,saturated FAME,FAMEs
Methyl cis-11-eicosenoate,2390-9-2,Rxi17SilMS,263.07,32.798,118.95,0.001,Brehmer2022,FAME,,
PCB 52,35693-99-3,Rxi17SilMS,263.82,45.906,218.95,0.001,Brehmer2022,PCB,,
"cis-11,14-Eicosadienoic acid methyl ester",61012-46-2,Rxi17SilMS,265.13,32.894,104.53,0.001,Brehmer2022,FAME,,
"cis-8,11,14-Eicosatrienoic acid methyl ester",21061-10-9,Rxi17SilMS,265.89,33.318,103.97,0.001,Brehmer2022,FAME,,
"cis-5,8,11,14-Eicosatetraenoic acid methyl ester",7771-44-0,Rxi17SilMS,266.29,33.502,94.808,0.001,Brehmer2022,FAME,,
"cis-11,14,17-Eicosatrienoic acid methyl ester",55682-88-7,Rxi17SilMS,268.05,33.184,105.86,0.001,Brehmer2022,FAME,,
"cis-5,8,11,14,17-Eicosapentaenoic acid methyl ester",2734-47-6,Rxi17SilMS,268.28,31.967,13.169,0.001,Brehmer2022,FAME,,
Methyl heneicosanoate,6064-90-0,Rxi17SilMS,270.58,32.218,116.07,0.001,Brehmer2022,FAME,saturated FAME,FAMEs
Methyl behenate,929-77-1,Rxi17SilMS,278.61,32.186,113.23,0.001,Brehmer2022,FAME,saturated FAME,FAMEs
Methyl erucate,1120-34-9,Rxi17SilMS,279.54,33.134,163.62,0.001,Brehmer2022,FAME,,
PCB 101,37680-73-2,Rxi17SilMS,280.52,44.407,176.52,0.001,Brehmer2022,PCB,,
"cis-13,16-Docosadienoic acid methyl ester",61012-47-3,Rxi17SilMS,281.68,33.017,109.71,0.001,Brehmer2022,FAME,,
Methyl tricosanoate,2433-97-8,Rxi17SilMS,286.49,32.44,122.25,0.001,Brehmer2022,FAME,saturated FAME,FAMEs
"cis-4,7,10,13,16,19-Docosahexaenoic acid methyl ester",301-01-9,Rxi17SilMS,286.57,34.259,101.79,0.001,Brehmer2022,FAME,,
Methyl lignocerate,2442-49-1,Rxi17SilMS,294.06,32.608,127.31,0.001,Brehmer2022,FAME,,
Methyl nervonate,2733-88-2,Rxi17SilMS,295.09,32.844,105.06,0.001,Brehmer2022,FAME,,
PCB 153,35065-27-1,Rxi17SilMS,296.18,43.097,145.08,0.001,Brehmer2022,PCB,,
PCB 138,35065-28-2,Rxi17SilMS,307.74,47.075,186.24,0.001,Brehmer2022,PCB,,
PCB 180,35065-29-3,Rxi17SilMS,319.28,48.437,207.35,0.001,Brehmer2022,PCB,,
Glyceryl triacetate,102-76-1,Rxi17SilMS,446.15,31.282,1552.2,0.001,Brehmer2022,triglyceride,ester,
Glyceryl tributyrate,60-1-5,Rxi17SilMS,502.88,35.741,899.09,0.001,Brehmer2022,triglyceride,ester,
Glyceryl trihexanoate,621-70-5,Rxi17SilMS,552.28,35.775,730.23,0.001,Brehmer2022,triglyceride,ester,
Glyceryl trioctanoate,538-23-8,Rxi17SilMS,592.1,35.964,778.71,0.001,Brehmer2022,triglyceride,ester,
Glyceryl tridecanoate,621-71-6,Rxi17SilMS,630.8,45.336,1175.3,0.001,Brehmer2022,triglyceride,ester,
Glyceryl trilaurate,538-24-9,Rxi17SilMS,671.09,69.511,1787.7,0.001,Brehmer2022,triglyceride,ester,
Naphthalene,91-20-3,Rxi17SilMS,157.87,35.057,38.625,0.001,Duong2022,PAH,,
Acenaphthylene,208-96-8,Rxi17SilMS,205.21,37.553,10.239,0.001,Duong2022,PAH,,
Acenaphthene,83-32-9,Rxi17SilMS,208.2,37.357,14.94,0.001,Duong2022,PAH,,
Fluorene,86-73-7,Rxi17SilMS,221.12,37.678,23.95,0.001,Duong2022,PAH,,
Phenanthrene,85-1-8,Rxi17SilMS,251.49,40.017,37.131,0.001,Duong2022,PAH,,
Anthracene,120-12-7,Rxi17SilMS,252.1,39.71,32.287,0.001,Duong2022,PAH,,
Fluoranthene,206-44-0,Rxi17SilMS,286.09,42.41,52.128,0.001,Duong2022,PAH,,
Pyrene,129-0-0,Rxi17SilMS,295.18,43.347,44.407,0.001,Duong2022,PAH,,
Benz[a]anthracene,56-55-3,Rxi17SilMS,326.6,43.868,52.762,0.001,Duong2022,PAH,,
Chrysene,218-1-9,Rxi17SilMS,329.16,44.144,53.047,0.001,Duong2022,PAH,,
Benzo[b]fluoranthene,205-99-2,Rxi17SilMS,356.75,46.266,72.882,0.001,Duong2022,PAH,,
Benzo[k]fluoranthene,207-8-9,Rxi17SilMS,356.98,45.947,69.956,0.001,Duong2022,PAH,,
Benzo[a]pyrene,50-32-8,Rxi17SilMS,368.4,47.65,74.036,0.001,Duong2022,PAH,,
"Dibenzo[a,h]anthracene",53-70-3,Rxi17SilMS,391.69,48.823,100.84,0.001,Duong2022,PAH,,
"Indeno[1,2,3-cd]pyrene",193-39-5,Rxi17SilMS,393.38,49.565,89.155,0.001,Duong2022,PAH,,
"Benzo[g,h,i]perylene",191-24-2,Rxi17SilMS,402.87,51.998,102.54,0.001,Duong2022,PAH,,
Anthracene,120-12-7,ZB-PAH-CT,232.09,34.129,11.079,0.001,Duong2022,PAH,,
Chrysene,218-1-9,ZB-PAH-CT,296.87,35.293,20.003,0.001,Duong2022,PAH,,
Benz[a]anthracene,56-55-3,ZB-PAH-CT,298.96,37.657,60.26,0.001,Duong2022,PAH,,
"Benzo[g,h,i]perylene",191-24-2,ZB-PAH-CT,359.69,38.222,4.7678,0.001,Duong2022,PAH,,
"Dibenzo[a,h]anthracene",53-70-3,ZB-PAH-CT,362.95,43.648,94.176,0.001,Duong2022,PAH,,
"Indeno[1,2,3-cd]pyrene",193-39-5,ZB-PAH-CT,382.99,66.166,241.94,0.001,Duong2022,PAH,,
"2,3-Butanediol",513-85-9,Rxi5ms,64.89,26.798,176.13,0.001,Gaida2021,alcohol,,
C8,111-65-9,Rxi5ms,69.344,27.188,86.692,0.001,Gaida2021,alkane,alkanes,
Ethyl butyrate,105-54-4,Rxi5ms,69.573,27.149,75.052,0.001,Gaida2021,ester,,
C9,111-84-2,Rxi5ms,90.152,28.199,40.26,0.001,Gaida2021,alkane,alkanes,
C10,124-18-5,Rxi5ms,109.32,29.653,72.846,0.001,Gaida2021,alkane,Grob,alkanes
D-Limonene,138-86-3,Rxi5ms,117.34,31.875,64.142,0.001,Gaida2021,terpene,allergenic fragrances,
Eucalyptol,470-82-6,Rxi5ms,118.44,32.647,73.646,0.001,Gaida2021,terpene,,
1-Octanol,111-87-5,Rxi5ms,121.67,30.582,104.83,0.001,Gaida2021,alcohol,Grob,alcohols
C11,1120-21-4,Rxi5ms,126.89,30.452,78.666,0.001,Gaida2021,alkane,Grob,alkanes
2-Ethylhexanoic acid,149-57-5,Rxi5ms,127.12,29.758,146.17,0.001,Gaida2021,carboxylic acid,Grob,
Nonanal,124-19-6,Rxi5ms,128.24,31.139,87.62,0.001,Gaida2021,aldehyde,Grob,
"2,6-Dimethylphenol",576-26-1,Rxi5ms,130.35,32.719,92.101,0.001,Gaida2021,aromatic,Grob,
Benzoic acid,65-85-0,Rxi5ms,136.17,31.003,115.54,0.001,Gaida2021,carboxylic acid,,
"2,6-Xylidine",87-62-7,Rxi5ms,142.13,34.097,81.506,0.001,Gaida2021,amine,aromatic,Grob
C12,112-40-3,Rxi5ms,143.0,30.676,72.946,0.001,Gaida2021,alkane,alkanes,
Geraniol,106-24-1,Rxi5ms,152.57,32.225,92.94,0.001,Gaida2021,terpene,allergenic fragrances,
Hydroxycitronellal,107-75-5,Rxi5ms,157.77,32.627,92.205,0.001,Gaida2021,aldehyde,allergenic fragrances,
C13,629-50-5,Rxi5ms,158.32,31.175,72.2,0.001,Gaida2021,alkane,alkanes,
Thymol,89-83-8,Rxi5ms,158.33,32.935,113.97,0.001,Gaida2021,terpene,,
Cinnamic aldehyde,104-55-2,Rxi5ms,158.56,34.575,79.993,0.001,Gaida2021,aldehyde,allergenic fragrances,
C10 FAME,110-42-9,Rxi5ms,161.92,31.918,96.575,0.001,Gaida2021,FAME,Grob,saturated FAME
Cinnamyl alcohol,104-54-1,Rxi5ms,162.71,34.134,86.42,0.001,Gaida2021,alcohol,allergenic fragrances,
C14,629-59-4,Rxi5ms,172.73,31.83,79.196,0.001,Gaida2021,alkane,alkanes,
C11 FAME,1731-86-8,Rxi5ms,176.06,32.446,100.32,0.001,Gaida2021,FAME,Grob,saturated FAME
Vanillin,121-33-5,Rxi5ms,177.23,35.439,91.222,0.001,Gaida2021,aldehyde,,
Dicyclohexylamine,101-83-7,Rxi5ms,181.14,36.539,92.754,0.001,Gaida2021,amine,Grob,
Cinnamyl acetate,103-54-8,Rxi5ms,181.62,34.189,92.581,0.001,Gaida2021,ester,,
C15,629-62-9,Rxi5ms,186.18,32.25,83.375,0.001,Gaida2021,alkane,alkanes,
C12 FAME,111-82-0,Rxi5ms,189.36,32.934,105.21,0.001,Gaida2021,FAME,Grob,saturated FAME
C16,544-76-3,Rxi5ms,198.95,32.851,94.78,0.001,Gaida2021,alkane,alkanes,
C17,629-78-7,Rxi5ms,211.01,33.213,95.981,0.001,Gaida2021,alkane,alkanes,
C18,593-45-3,Rxi5ms,222.42,33.617,103.93,0.001,Gaida2021,alkane,alkanes,
C19,629-92-5,Rxi5ms,233.4,34.044,109.4,0.001,Gaida2021,alkane,alkanes,
Benzyl salicylate,118-58-1,Rxi5ms,237.87,38.439,96.668,0.001,Gaida2021,ester,allergenic fragrances,
C20,112-95-8,Rxi5ms,243.8,34.471,118.22,0.001,Gaida2021,alkane,alkanes,
C21,629-94-7,Rxi5ms,253.74,34.855,125.6,0.001,Gaida2021,alkane,alkanes,
C22,629-97-0,Rxi5ms,263.19,35.116,129.23,0.001,Gaida2021,alkane,alkanes,
C23,638-67-5,Rxi5ms,272.3,35.448,136.08,0.001,Gaida2021,alkane,alkanes,
C24,646-31-1,Rxi5ms,280.99,35.708,141.39,0.001,Gaida2021,alkane,alkanes,
C25,629-99-2,Rxi5ms,289.37,35.961,147.02,0.001,Gaida2021,alkane,alkanes,
C26,630-1-3,Rxi5ms,297.41,36.208,152.02,0.001,Gaida2021,alkane,,
C27,593-49-7,Rxi5ms,305.16,36.422,156.8,0.001,Gaida2021,alkane,alkanes,
C28,630-2-4,Rxi5ms,312.55,36.549,159.94,0.001,Gaida2021,alkane,,
C29,630-3-5,Rxi5ms,319.45,37.005,175.76,0.001,Gaida2021,alkane,,
C30,638-68-6,Rxi5ms,327.33,37.514,181.0,0.001,Gaida2021,alkane,alkanes,
2-Octanone,111-13-7,Rtx5,115.61,29.601,43.348,0.0015625,Hou2018a,ketone,alkanones,
n-Decane,124-18-5,Rtx5,116.88,29.373,41.532,0.0015625,Hou2018a,alkane,Grob,alkanes
1-Octanol,111-87-5,Rtx5,129.48,30.209,67.032,0.0015625,Hou2018a,alcohol,Grob,alcohols
"2,4-Dimethylphenol",105-67-9,Rtx5,144.27,32.263,88.932,0.0015625,Hou2018a,aromatic,,
"2,6-Dimethylaniline",87-62-7,Rtx5,151.18,34.245,61.628,0.0015625,Hou2018a,amine,aromatic,Grob
"2,3-Butanediol",513-85-9,Rtx5,73.47,26.428,50.968,0.0015625,Hou2018c,alcohol,,
Decane,124-18-5,Rtx5,115.89,29.268,45.064,0.0015625,Hou2018c,alkane,Grob,alkanes
1-Octanol,111-87-5,Rtx5,129.05,30.173,66.682,0.0015625,Hou2018c,alcohol,Grob,alcohols
Undecane,1120-21-4,Rtx5,134.44,30.337,56.372,0.0015625,Hou2018c,alkane,Grob,alkanes
"2,6-Dimethylaniline",87-62-7,Rtx5,150.8,34.168,61.527,0.0015625,Hou2018c,amine,aromatic,Grob
Methyl decanoate,110-42-9,Rtx5,170.6,32.217,83.893,0.0015625,Hou2018c,FAME,Grob,saturated FAME
Methyl laurate,111-82-0,Rtx5,198.16,33.61,106.51,0.0015625,Hou2018c,FAME,Grob,saturated FAME
C9,111-84-2,FS5ms,98.04,30.17,89.34,0.001,Leppert2020b,alkane,alkanes,
C10,124-18-5,FS5ms,118.09,32.24,112.49,0.001,Leppert2020b,alkane,Grob,alkanes
C11,1120-21-4,FS5ms,137.07,33.71,116.04,0.001,Leppert2020b,alkane,Grob,alkanes
C12,112-40-3,FS5ms,154.78,34.92,121.44,0.001,Leppert2020b,alkane,alkanes,
C13,629-50-5,FS5ms,171.32,35.93,125.62,0.001,Leppert2020b,alkane,alkanes,
C14,629-59-4,FS5ms,186.83,36.76,126.76,0.001,Leppert2020b,alkane,alkanes,
C15,629-62-9,FS5ms,201.25,37.39,129.62,0.001,Leppert2020b,alkane,alkanes,
C16,544-76-3,FS5ms,215.1,38.46,142.18,0.001,Leppert2020b,alkane,alkanes,
C17,629-78-7,FS5ms,227.91,38.95,145.36,0.001,Leppert2020b,alkane,alkanes,
C18,593-45-3,FS5ms,240.1,39.58,153.29,0.001,Leppert2020b,alkane,alkanes,
C19,629-92-5,FS5ms,251.8,40.21,159.47,0.001,Leppert2020b,alkane,alkanes,
C20,112-95-8,FS5ms,262.81,40.67,164.99,0.001,Leppert2020b,alkane,alkanes,
C21,629-94-7,FS5ms,273.39,41.43,179.47,0.001,Leppert2020b,alkane,alkanes,
C22,629-97-0,FS5ms,283.55,41.89,183.35,0.001,Leppert2020b,alkane,alkanes,
C23,638-67-5,FS5ms,293.11,42.25,188.99,0.001,Leppert2020b,alkane,alkanes,
C24*,646-31-1,FS5ms,302.05,42.21,188.53,0.001,Leppert2020b,alkane,alkanes,
C25*,629-99-2,FS5ms,310.67,42.26,189.51,0.001,Leppert2020b,alkane,alkanes,
C26*,630-1-3,FS5ms,320.42,44.16,216.77,0.001,Leppert2020b,alkane,,
C27*,593-49-7,FS5ms,326.62,41.9,184.17,0.001,Leppert2020b,alkane,alkanes,
C28*,630-2-4,FS5ms,334.19,41.82,183.91,0.001,Leppert2020b,alkane,,
C29*,630-3-5,FS5ms,341.4,41.67,183.07,0.001,Leppert2020b,alkane,,
C30*,638-68-6,FS5ms,348.39,41.57,183.28,0.001,Leppert2020b,alkane,alkanes,
C8,111-65-9,Rxi17SilMS,45.508,24.905,149.92,0.001,Marquart2020,alkane,alkanes,
C9,111-84-2,Rxi17SilMS,65.781,26.946,94.747,0.001,Marquart2020,alkane,alkanes,
alpha-Pinen,80-56-8,Rxi17SilMS,83.227,29.989,82.196,0.001,Marquart2020,allergenic fragrances,,
C10,124-18-5,Rxi17SilMS,85.071,27.71,85.412,0.001,Marquart2020,alkane,Grob,alkanes
beta-Pinene,127-91-3,Rxi17SilMS,96.536,31.149,72.551,0.001,Marquart2020,allergenic fragrances,,
C11,1120-21-4,Rxi17SilMS,102.86,28.28,86.37,0.001,Marquart2020,alkane,Grob,alkanes
Limonene,138-86-3,Rxi17SilMS,106.14,30.828,80.646,0.001,Marquart2020,terpene,allergenic fragrances,
Benzaldehyd,100-52-7,Rxi17SilMS,116.86,32.053,79.19,0.001,Marquart2020,allergenic fragrances,aldehyde,aromatic
C12,112-40-3,Rxi17SilMS,119.42,28.859,91.18,0.001,Marquart2020,alkane,alkanes,
Terpinolene,586-62-9,Rxi17SilMS,119.46,31.285,75.193,0.001,Marquart2020,allergenic fragrances,,
Linalool,78-70-6,Rxi17SilMS,120.72,29.529,89.817,0.001,Marquart2020,allergenic fragrances,terpene,alcohol
Benzylalkohol,100-51-6,Rxi17SilMS,129.2,32.206,82.837,0.001,Marquart2020,allergenic fragrances,alcohol,aromatic
Salicylaldehyd,90-2-8,Rxi17SilMS,131.98,33.175,73.498,0.001,Marquart2020,allergenic fragrances,,
C13,629-50-5,Rxi17SilMS,134.92,29.312,91.168,0.001,Marquart2020,alkane,alkanes,
Menthol,1490-4-6,Rxi17SilMS,137.3,31.874,78.524,0.001,Marquart2020,allergenic fragrances,,
Citronellol,106-22-9,Rxi17SilMS,143.1,30.488,98.71,0.001,Marquart2020,allergenic fragrances,,
Methyl-2-Octyonate,111-12-6,Rxi17SilMS,147.71,29.752,64.164,0.001,Marquart2020,allergenic fragrances,,
C14,629-59-4,Rxi17SilMS,149.73,30.18,98.129,0.001,Marquart2020,alkane,alkanes,
Geraniol,106-24-1,Rxi17SilMS,150.5,31.082,95.209,0.001,Marquart2020,terpene,allergenic fragrances,
Citral A,5392-40-5,Rxi17SilMS,152.75,31.575,96.361,0.001,Marquart2020,allergenic fragrances,,
Methylsalicylat,119-36-8,Rxi17SilMS,154.11,34.123,95.508,0.001,Marquart2020,allergenic fragrances,,
Citral B,106-26-3,Rxi17SilMS,157.47,31.541,100.78,0.001,Marquart2020,allergenic fragrances,,
Isobornylacetat,76-49-3,Rxi17SilMS,157.55,33.044,81.267,0.001,Marquart2020,allergenic fragrances,,
Carvone,99-49-0,Rxi17SilMS,160.07,33.285,82.81,0.001,Marquart2020,allergenic fragrances,,
Hydroxycitronellal,107-75-5,Rxi17SilMS,160.17,31.103,112.47,0.001,Marquart2020,aldehyde,allergenic fragrances,
C15,629-62-9,Rxi17SilMS,163.32,30.464,110.07,0.001,Marquart2020,alkane,alkanes,
Anethol,4180-23-8,Rxi17SilMS,166.73,33.185,85.2,0.001,Marquart2020,allergenic fragrances,,
beta-Caryophyllene,87-44-5,Rxi17SilMS,172.85,34.686,61.769,0.001,Marquart2020,allergenic fragrances,,
d-Damascone,57378-68-4,Rxi17SilMS,173.3,34.657,113.26,0.001,Marquart2020,allergenic fragrances,,
Anisalkohol,105-13-5,Rxi17SilMS,174.13,33.262,81.445,0.001,Marquart2020,allergenic fragrances,,
Cinnamaldehyde,104-55-2,Rxi17SilMS,174.36,34.54,88.449,0.001,Marquart2020,aldehyde,allergenic fragrances,
Ebanol A,67801-20-1,Rxi17SilMS,175.01,33.36,98.393,0.001,Marquart2020,allergenic fragrances,,
C16,544-76-3,Rxi17SilMS,176.25,30.635,102.94,0.001,Marquart2020,alkane,alkanes,
Ebanol B,67801-20-1,Rxi17SilMS,176.36,33.328,101.4,0.001,Marquart2020,allergenic fragrances,,
alpha Damascone,35044-63-4,Rxi17SilMS,176.46,33.705,93.343,0.001,Marquart2020,allergenic fragrances,,
Cinnamylalkohol A,104-54-1,Rxi17SilMS,177.17,34.332,87.288,0.001,Marquart2020,alcohol,allergenic fragrances,
Eugenol,97-53-0,Rxi17SilMS,178.4,34.047,93.48,0.001,Marquart2020,allergenic fragrances,,
E-beta-Damascone,23726-93-4,Rxi17SilMS,179.92,33.969,92.213,0.001,Marquart2020,allergenic fragrances,,
Cinnamylalkohol B,104-54-1,Rxi17SilMS,180.76,33.829,87.665,0.001,Marquart2020,alcohol,allergenic fragrances,
Majantol,103694-68-4,Rxi17SilMS,183.58,34.558,96.669,0.001,Marquart2020,allergenic fragrances,,
Isomethyl-alpha-Ionon,127-51-5,Rxi17SilMS,184.71,34.197,95.213,0.001,Marquart2020,allergenic fragrances,,
C17,629-78-7,Rxi17SilMS,188.54,31.069,110.15,0.001,Marquart2020,alkane,alkanes,
Isoeugenol,97-54-1,Rxi17SilMS,193.83,34.728,92.015,0.001,Marquart2020,allergenic fragrances,,
C18,593-45-3,Rxi17SilMS,200.23,31.415,114.41,0.001,Marquart2020,alkane,alkanes,
Amylsalicylate,2050-8-0,Rxi17SilMS,202.07,35.067,100.5,0.001,Marquart2020,allergenic fragrances,,
Farnesol A,4602-84-0,Rxi17SilMS,210.18,33.545,115.85,0.001,Marquart2020,allergenic fragrances,,
Coumarin,91-64-5,Rxi17SilMS,210.54,38.708,93.95,0.001,Marquart2020,allergenic fragrances,,
C19,629-92-5,Rxi17SilMS,211.31,31.618,112.71,0.001,Marquart2020,alkane,alkanes,
Iso E Super A,54464-57-2,Rxi17SilMS,213.41,37.053,101.05,0.001,Marquart2020,allergenic fragrances,,
Amylcinnamylalkohol A,101-85-9,Rxi17SilMS,213.44,33.608,93.779,0.001,Marquart2020,allergenic fragrances,,
Santalol A,115-71-9,Rxi17SilMS,213.9,36.386,104.29,0.001,Marquart2020,allergenic fragrances,,
Iso E Super B,54464-57-2,Rxi17SilMS,214.72,37.385,103.16,0.001,Marquart2020,allergenic fragrances,,
Santalol B,115-71-9,Rxi17SilMS,214.91,35.986,107.63,0.001,Marquart2020,allergenic fragrances,,
Farnesol B,4602-84-0,Rxi17SilMS,215.35,35.982,156.36,0.001,Marquart2020,allergenic fragrances,,
Amylcinnamylaldehyd,122-40-7,Rxi17SilMS,215.63,35.611,109.29,0.001,Marquart2020,allergenic fragrances,,
Isoeugenylacetat,93-29-8,Rxi17SilMS,216.5,34.412,118.98,0.001,Marquart2020,allergenic fragrances,,
Iso E Super C,54464-57-2,Rxi17SilMS,217.2,38.245,102.52,0.001,Marquart2020,allergenic fragrances,,
3-Propylidenephthalide,17369-59-4,Rxi17SilMS,218.14,37.653,92.163,0.001,Marquart2020,allergenic fragrances,,
Iso E Super D,54464-57-2,Rxi17SilMS,218.27,37.694,108.2,0.001,Marquart2020,allergenic fragrances,,
Santalol C,37172-32-0,Rxi17SilMS,219.54,37.114,130.18,0.001,Marquart2020,allergenic fragrances,,
Amylcinnamylalkohol B,101-85-9,Rxi17SilMS,219.77,35.38,113.0,0.001,Marquart2020,allergenic fragrances,,
Santalol D,37172-32-0,Rxi17SilMS,221.36,37.124,126.57,0.001,Marquart2020,allergenic fragrances,,
C20,112-95-8,Rxi17SilMS,221.86,31.821,113.51,0.001,Marquart2020,alkane,alkanes,
Amylcinnamylalkohol C,101-85-9,Rxi17SilMS,223.2,36.877,124.46,0.001,Marquart2020,allergenic fragrances,,
alpha-Acetylcedrene A,32388-55-9,Rxi17SilMS,229.4,37.845,97.227,0.001,Marquart2020,allergenic fragrances,,
alpha-Acetylcedrene B,32388-55-9,Rxi17SilMS,231.8,39.798,113.08,0.001,Marquart2020,allergenic fragrances,,
C21,629-94-7,Rxi17SilMS,231.93,31.968,111.34,0.001,Marquart2020,alkane,alkanes,
alpha-Acetylcedrene C,32388-55-9,Rxi17SilMS,233.56,42.874,234.46,0.001,Marquart2020,allergenic fragrances,,
C22,629-97-0,Rxi17SilMS,241.56,32.126,113.38,0.001,Marquart2020,alkane,alkanes,
Benzylbenzoate,120-51-4,Rxi17SilMS,241.68,37.953,101.99,0.001,Marquart2020,allergenic fragrances,,
Hexadecanolaceton,36653-82-4,Rxi17SilMS,247.68,38.909,95.377,0.001,Marquart2020,allergenic fragrances,,
C23,638-67-5,Rxi17SilMS,250.79,32.255,112.43,0.001,Marquart2020,alkane,alkanes,
Benzylsalicylate,118-58-1,Rxi17SilMS,252.8,38.738,99.954,0.001,Marquart2020,ester,allergenic fragrances,
C24,646-31-1,Rxi17SilMS,259.66,32.403,113.42,0.001,Marquart2020,alkane,alkanes,
C25,629-99-2,Rxi17SilMS,268.17,32.555,115.42,0.001,Marquart2020,alkane,alkanes,
C26,630-1-3,Rxi17SilMS,276.33,32.609,113.85,0.001,Marquart2020,alkane,,
Benzylcinnamate,103-41-3,Rxi17SilMS,278.55,39.24,116.97,0.001,Marquart2020,allergenic fragrances,,
C27,593-49-7,Rxi17SilMS,284.24,32.804,120.87,0.001,Marquart2020,alkane,alkanes,
C28,630-2-4,Rxi17SilMS,291.9,33.056,131.05,0.001,Marquart2020,alkane,,
C29,630-3-5,Rxi17SilMS,299.42,33.386,140.54,0.001,Marquart2020,alkane,,
C30,638-68-6,Rxi17SilMS,306.72,33.763,152.99,0.001,Marquart2020,alkane,alkanes,
2-Methylhexane,591-76-4,SLB5ms,36.388,24.83,60.547,0.001,McGinitie2011,alkane,,
3-Hexanol,623-37-0,SLB5ms,66.89,26.261,77.467,0.001,McGinitie2011,alcohol,,
"2,6-Dimethyloctane",2051-30-1,SLB5ms,94.302,28.288,72.066,0.001,McGinitie2011,alkane,,
4-Nonanol,5932-79-6,SLB5ms,123.31,29.621,90.583,0.001,McGinitie2011,alcohol,,
1-Undecanol,112-42-5,SLB5ms,170.7,32.997,108.93,0.001,McGinitie2011,alcohol,alcohols,
1-Dodecanol,112-53-8,SLB5ms,184.9,33.721,114.09,0.001,McGinitie2011,alcohol,alcohols,
1-Tridecanol,112-70-9,SLB5ms,198.28,34.303,118.02,0.001,McGinitie2011,alcohol,alcohols,
1-Tetradecanol,112-72-1,SLB5ms,210.96,34.843,122.57,0.001,McGinitie2011,alcohol,alcohols,
2-Methylhexane,591-76-4,SPB50,19.165,24.824,30.319,0.001,McGinitie2011,alkane,,
3-Hexanol,623-37-0,SPB50,69.071,26.719,71.925,0.001,McGinitie2011,alcohol,,
"2,6-Dimethyloctane",2051-30-1,SPB50,77.821,27.666,55.746,0.001,McGinitie2011,alkane,,
4-Nonanol,5932-79-6,SPB50,122.07,29.864,85.395,0.001,McGinitie2011,alcohol,,
2-Methylhexane,591-76-4,Wax,-5.6982,20.92,92.391,0.001,McGinitie2011,alkane,,
"2,6-Dimethyloctane",2051-30-1,Wax,50.592,26.687,50.935,0.001,McGinitie2011,alkane,,
3-Hexanol,623-37-0,Wax,100.31,28.72,81.202,0.001,McGinitie2011,alcohol,,
4-Nonanol,5932-79-6,Wax,144.17,31.253,93.406,0.001,McGinitie2011,alcohol,,
2-Undecanone,112-12-9,Wax,164.18,34.014,80.2,0.001,McGinitie2012a,ketone,alkanones,
2-Dodecanone,6175-49-1,Wax,177.54,34.551,85.9,0.001,McGinitie2012a,ketone,alkanones,
2-Tridecanone,593-8-8,Wax,190.26,35.074,91.7,0.001,McGinitie2012a,ketone,,
1-Undecanol,112-42-5,Wax,193.86,34.335,110.6,0.001,McGinitie2012a,alcohol,alcohols,
1-Dodecanol,112-53-8,Wax,205.64,34.943,114.6,0.001,McGinitie2012a,alcohol,alcohols,
1-Tridecanol,112-70-9,Wax,215.36,35.27,119.2,0.001,McGinitie2012a,alcohol,alcohols,
2-undecanone,112-12-9,SLB5ms,153.22,30.891,99.8,0.001,McGinitie2014a,ketone,alkanones,
2-dodecanone,6175-49-1,SLB5ms,168.2,30.662,83.62,0.001,McGinitie2014a,ketone,alkanones,
2-tridecanone,593-8-8,SLB5ms,181.88,32.215,110.93,0.001,McGinitie2014a,ketone,,
2-dodecanone,6175-49-1,SPB50,182.53,40.24,169.2,0.001,McGinitie2014a,ketone,alkanones,
1-dodecanol,112-53-8,SPB50,192.26,40.799,169.25,0.001,McGinitie2014a,alcohol,alcohols,
2-undecanone,112-12-9,Wax,157.24,31.556,41.83,0.001,McGinitie2014a,ketone,alkanones,
2-dodecanone,6175-49-1,Wax,170.94,32.451,53.75,0.001,McGinitie2014a,ketone,alkanones,
2-tridecanone,593-8-8,Wax,183.76,32.982,54.84,0.001,McGinitie2014a,ketone,,
1-undecanol,112-42-5,Wax,187.4,31.558,62.92,0.001,McGinitie2014a,alcohol,alcohols,
1-dodecanol,112-53-8,Wax,199.12,32.347,74.06,0.001,McGinitie2014a,alcohol,alcohols,
1-tridecanol,112-70-9,Wax,210.38,33.018,80.96,0.001,McGinitie2014a,alcohol,alcohols,
1-tetradecanol,112-72-1,Wax,221.18,33.717,88.75,0.001,McGinitie2014a,alcohol,alcohols,
2-Ethylhexanoic acid,149-57-5,SLB5ms,125.32,26.606,5.97,0.001,McGinitie2014b,carboxylic acid,Grob,
Nonanal,124-19-6,SLB5ms,125.91,28.261,23.39,0.001,McGinitie2014b,aldehyde,Grob,
"2,6-Dimethylphenol",576-26-1,SLB5ms,127.75,30.795,109.6,0.001,McGinitie2014b,aromatic,Grob,
"2,6-Dimethylaniline",87-62-7,SLB5ms,139.19,31.098,39.46,0.001,McGinitie2014b,amine,aromatic,Grob
C10 acid methyl ester,110-42-9,SLB5ms,159.11,29.153,58.77,0.001,McGinitie2014b,FAME,Grob,saturated FAME
C11 acid methyl ester,1731-86-8,SLB5ms,173.2,29.326,41.88,0.001,McGinitie2014b,FAME,Grob,saturated FAME
Dicyclohexylamine,101-83-7,SLB5ms,178.07,32.484,45.16,0.001,McGinitie2014b,amine,Grob,
C12 acid methyl ester,111-82-0,SLB5ms,186.61,30.232,74.8,0.001,McGinitie2014b,FAME,Grob,saturated FAME
2378-TCDF,51207-31-9,RtxDioxin2,284.38,38.458,77.408,0.0005555555555555556,Stultz2020,PCDF,,
2378-TCDD,1746-1-6,RtxDioxin2,287.1,38.123,67.43,0.0005555555555555556,Stultz2020,PCDD,,
12378-PCDF,57117-41-6,RtxDioxin2,300.09,39.913,87.967,0.0005555555555555556,Stultz2020,PCDF,,
23478-PCDF,57117-31-4,RtxDioxin2,302.54,39.542,92.374,0.0005555555555555556,Stultz2020,PCDF,,
12378-PCDD,40321-76-4,RtxDioxin2,305.05,39.831,101.02,0.0005555555555555556,Stultz2020,PCDD,,
123678-HxCDF,57117-44-9,RtxDioxin2,316.19,40.743,102.1,0.0005555555555555556,Stultz2020,PCDF,,
123478-HxCDF,70648-26-9,RtxDioxin2,318.19,41.712,111.16,0.0005555555555555556,Stultz2020,PCDF,,
123478-HxCDD,39227-28-6,RtxDioxin2,319.28,40.653,113.74,0.0005555555555555556,Stultz2020,PCDD,,
234678-HxCDF,60851-34-5,RtxDioxin2,319.9,40.906,104.26,0.0005555555555555556,Stultz2020,PCDF,,
123678-HxCDD,57653-85-7,RtxDioxin2,321.1,40.619,107.76,0.0005555555555555556,Stultz2020,PCDD,,
123789-HxCDD,19408-74-3,RtxDioxin2,322.47,40.459,91.293,0.0005555555555555556,Stultz2020,PCDD,,
123789-HxCDF,72918-21-9,RtxDioxin2,325.41,42.005,100.94,0.0005555555555555556,Stultz2020,PCDF,,
1234678-HpCDF,67562-39-4,RtxDioxin2,334.39,42.595,112.83,0.0005555555555555556,Stultz2020,PCDF,,
1234678-HPCDD,35822-46-9,RtxDioxin2,338.21,42.144,118.07,0.0005555555555555556,Stultz2020,PCDD,,
1234789-HpCDF,55673-89-7,RtxDioxin2,342.1,43.507,117.57,0.0005555555555555556,Stultz2020,PCDF,,
2378-TCDF,51207-31-9,Rxi17SilMS,301.72,46.438,217.92,0.001,Stultz2020,PCDF,,
2378-TCDD,1746-1-6,Rxi17SilMS,303.23,46.727,222.25,0.001,Stultz2020,PCDD,,
12378-PCDF,57117-41-6,Rxi17SilMS,319.96,49.148,197.05,0.001,Stultz2020,PCDF,,
12378-PCDD,40321-76-4,Rxi17SilMS,322.52,48.528,207.53,0.001,Stultz2020,PCDD,,
23478-PCDF,57117-31-4,Rxi17SilMS,324.29,48.508,190.9,0.001,Stultz2020,PCDF,,
123678-HxCDF,57117-44-9,Rxi17SilMS,339.57,50.303,177.68,0.001,Stultz2020,PCDF,,
123478-HxCDF,70648-26-9,Rxi17SilMS,339.59,51.592,189.49,0.001,Stultz2020,PCDF,,
123678-HxCDD,57653-85-7,Rxi17SilMS,340.13,49.257,189.4,0.001,Stultz2020,PCDD,,
123478-HxCDD,39227-28-6,Rxi17SilMS,340.86,50.873,200.38,0.001,Stultz2020,PCDD,,
234678-HxCDF,60851-34-5,Rxi17SilMS,344.22,50.342,178.18,0.001,Stultz2020,PCDF,,
123789-HxCDD,19408-74-3,Rxi17SilMS,344.97,50.341,177.76,0.001,Stultz2020,PCDD,,
1234678-HpCDF,67562-39-4,Rxi17SilMS,353.45,51.509,175.93,0.001,Stultz2020,PCDF,,
1234678-HPCDD,35822-46-9,Rxi17SilMS,353.57,43.727,37.166,0.001,Stultz2020,PCDD,,
123789-HxCDF,72918-21-9,Rxi17SilMS,354.15,53.722,176.02,0.001,Stultz2020,PCDF,,
